{"name":"c37232c9-bb68-4505-ab60-a9fad28d3ad4","id":"/providers/Microsoft.Flow/flows/c37232c9-bb68-4505-ab60-a9fad28d3ad4","type":"Microsoft.Flow/flows","properties":{"apiId":"/providers/Microsoft.PowerApps/apis/shared_logicflows","displayName":"Meeting Minutes","definition":{"metadata":{"workflowEntityId":null,"processAdvisorMetadata":null,"flowChargedByPaygo":null,"flowclientsuspensionreason":"None","flowclientsuspensiontime":null,"flowclientsuspensionreasondetails":null,"creator":{"id":"dc976103-404a-4be5-a08c-fd7d7800c545","type":"User","tenantId":"cbe5a602-e54d-4844-aff9-3274999cbe38"},"provisioningMethod":"FromDefinition","failureAlertSubscription":true,"clientLastModifiedTime":"2023-07-06T17:29:40.8112559Z"},"$schema":"https://schema.management.azure.com/providers/Microsoft.Logic/schemas/2016-06-01/workflowdefinition.json#","contentVersion":"1.0.0.0","parameters":{"$connections":{"defaultValue":{},"type":"Object"},"$authentication":{"defaultValue":{},"type":"SecureObject"}},"triggers":{"manual":{"metadata":{"operationMetadataId":"78dbccac-5844-4862-9d97-7a5233091d9b"},"type":"Request","kind":"Http","inputs":{"schema":{"type":"object","properties":{"meetingID":{"type":"string"},"customer":{"type":"string"}}}}}},"actions":{"Send_an_email_(V2)":{"runAfter":{},"metadata":{"operationMetadataId":"f76287da-cbde-4326-975d-754f3b51ef0b"},"type":"OpenApiConnection","inputs":{"host":{"apiId":"/providers/Microsoft.PowerApps/apis/shared_office365","connectionName":"shared_office365","operationId":"SendEmailV2"},"parameters":{"emailMessage/To":"kastuv@k6931.onmicrosoft.com ","emailMessage/Subject":"Meeting minutes","emailMessage/Body":"<p>Below are the details:<br>\n<br>\n Customer : @{triggerBody()?['customer']},<br>\nMeeting ID : @{triggerBody()?['meetingID']}<br>\n</p>","emailMessage/Importance":"Normal"},"authentication":"@parameters('$authentication')"}}}},"connectionReferences":{"shared_office365":{"connectionName":"shared-office365-46f13bb3-efd4-485d-8dce-bae31ed68dcf","source":"Embedded","id":"/providers/Microsoft.PowerApps/apis/shared_office365","tier":"NotSpecified"}},"flowFailureAlertSubscribed":false,"isManaged":false}}